City_ID,City,Country,Date,Lat,Lng,Max Temp,Humidity,Cloudiness,Wind Speed
0,Jamestown,US,2021-05-17 03:18:40,42.097,-79.2353,51.01,57,1,3.44
1,Qaanaaq,GL,2021-05-17 03:18:41,77.484,-69.3632,22.6,95,100,4.07
2,Yellowknife,CA,2021-05-17 03:14:13,62.456,-114.3525,39.2,65,75,6.91
3,Hiranagar,IN,2021-05-17 03:18:42,32.45,75.2667,93.47,18,3,2.95
4,Palu,ID,2021-05-17 03:18:43,-0.8917,119.8707,87.94,71,82,2.66
5,Hobart,AU,2021-05-17 03:18:43,-42.8794,147.3294,55.99,44,75,11.5
6,Nikolskoye,RU,2021-05-17 03:18:44,59.7035,30.7861,52.0,87,8,6.71
7,Staryy Nadym,RU,2021-05-17 03:18:44,65.6118,72.6842,43.21,67,98,8.43
8,Vaini,TO,2021-05-17 03:18:45,-21.2,-175.2,80.6,83,40,6.91
9,Marawi,PH,2021-05-17 03:18:46,7.9986,124.2928,93.0,66,90,4.54
10,Finnsnes,NO,2021-05-17 03:18:46,69.2296,17.9811,41.0,81,79,3.53
11,Paracatu,BR,2021-05-17 03:18:47,-17.2222,-46.8747,65.5,61,100,1.81
12,Port Moresby,PG,2021-05-17 03:18:47,-9.4431,147.1797,89.6,66,75,11.5
13,Paamiut,GL,2021-05-17 03:18:48,61.994,-49.6678,37.09,84,52,3.58
14,Hithadhoo,MV,2021-05-17 03:18:49,-0.6,73.0833,84.56,71,21,10.45
15,Kapaa,US,2021-05-17 03:18:49,22.0752,-159.319,78.8,57,40,17.27
16,Neiafu,TO,2021-05-17 03:18:50,-18.65,-173.9833,82.4,78,20,4.61
17,Punta Arenas,CL,2021-05-17 03:14:10,-53.15,-70.9167,44.6,87,90,19.57
18,Concordia,AR,2021-05-17 03:18:51,-31.393,-58.0209,54.0,100,52,5.08
19,Bambous Virieux,MU,2021-05-17 03:18:51,-20.3428,57.7575,77.0,73,75,11.5
20,Pastavy,BY,2021-05-17 03:18:52,55.1168,26.8326,54.72,95,100,8.21
21,Busselton,AU,2021-05-17 03:18:53,-33.65,115.3333,72.0,58,96,8.01
22,Upernavik,GL,2021-05-17 03:15:56,72.7868,-56.1549,29.1,94,100,6.51
23,Lakhnadon,IN,2021-05-17 03:18:54,22.6,79.6,87.19,49,63,10.47
24,Rikitea,PF,2021-05-17 03:17:59,-23.1203,-134.9692,75.16,59,100,10.18
25,Mayo,US,2021-05-17 03:18:56,38.8876,-76.5119,61.0,77,90,4.61
26,Butaritari,KI,2021-05-17 03:18:56,3.0707,172.7902,83.25,77,56,12.75
27,Olafsvik,IS,2021-05-17 03:18:57,64.8945,-23.7142,36.9,69,100,20.15
28,Tongchuan,CN,2021-05-17 03:18:57,35.0806,109.0897,64.94,45,92,3.2
29,Sola,VU,2021-05-17 03:18:58,-13.8833,167.55,87.8,70,75,4.61
30,Victoria,HK,2021-05-17 03:17:15,22.2855,114.1577,91.99,68,13,8.99
31,Mount Isa,AU,2021-05-17 03:18:59,-20.7333,139.5,75.2,15,0,14.97
32,Racine,US,2021-05-17 03:17:53,42.7495,-88.0751,55.4,71,100,6.31
33,Bijapur,IN,2021-05-17 03:14:57,16.8333,75.7,78.28,67,79,25.52
34,Praia Da Vitoria,PT,2021-05-17 03:19:00,38.7333,-27.0667,64.99,82,40,19.1
35,San Patricio,US,2021-05-17 03:19:01,28.017,-97.5169,80.6,89,90,13.8
36,Lebu,CL,2021-05-17 03:19:01,-37.6167,-73.65,53.01,77,100,5.01
37,Tasiilaq,GL,2021-05-17 03:19:02,65.6145,-37.6368,28.4,59,8,1.14
38,Nome,US,2021-05-17 03:19:02,64.5011,-165.4064,42.01,70,1,9.22
39,Thompson,CA,2021-05-17 03:19:03,55.7435,-97.8558,32.0,69,40,9.22
40,Pacific Grove,US,2021-05-17 03:17:50,36.6177,-121.9166,54.0,89,40,6.91
41,Arteaga,MX,2021-05-17 03:19:04,18.4667,-102.4167,70.0,80,0,3.67
42,Tiarei,PF,2021-05-17 03:19:04,-17.5333,-149.3333,84.2,70,75,3.44
43,Airai,TL,2021-05-17 03:19:05,-8.9266,125.4092,73.26,48,58,3.87
44,Sisimiut,GL,2021-05-17 03:19:05,66.9395,-53.6735,33.49,79,12,1.07
45,Saldanha,ZA,2021-05-17 03:19:06,-33.0117,17.9442,46.4,87,0,4.03
46,Bethel,US,2021-05-17 03:19:06,41.3712,-73.414,52.0,87,1,1.9
47,Ilulissat,GL,2021-05-17 03:19:07,69.2167,-51.1,32.0,86,22,2.3
48,Arraial Do Cabo,BR,2021-05-17 03:19:07,-22.9661,-42.0278,70.93,78,4,13.38
49,Padang,ID,2021-05-17 03:19:08,-0.9492,100.3543,82.4,78,40,2.3
50,Namibe,AO,2021-05-17 03:19:09,-15.1961,12.1522,73.24,56,0,5.08
51,Meulaboh,ID,2021-05-17 03:17:35,4.1363,96.1285,83.59,74,100,7.7
52,Rawson,AR,2021-05-17 03:17:36,-43.3002,-65.1023,50.59,70,27,5.99
53,Isangel,VU,2021-05-17 03:19:10,-19.55,169.2667,82.4,78,75,14.45
54,Honningsvag,NO,2021-05-17 03:19:11,70.9821,25.9704,36.52,93,100,11.03
55,Brownsville,US,2021-05-17 03:19:11,25.9018,-97.4975,80.6,83,90,16.11
56,Caravelas,BR,2021-05-17 03:19:12,-17.7125,-39.2481,70.92,77,100,4.61
57,Ojinaga,MX,2021-05-17 03:19:12,29.5667,-104.4167,86.0,19,1,4.61
58,Sovetskiy,RU,2021-05-17 03:19:13,61.3614,63.5842,64.09,77,37,7.18
59,Komsomolskiy,UZ,2021-05-17 03:19:14,40.4272,71.7189,75.2,29,1,4.61
60,Port Elizabeth,ZA,2021-05-17 03:19:14,-33.918,25.5701,57.2,58,0,17.27
61,Mae Sai,TH,2021-05-17 03:19:15,20.4335,99.8762,91.99,66,20,3.44
62,Kiunga,PG,2021-05-17 03:19:16,-6.1219,141.2906,84.83,75,100,4.03
63,Hilo,US,2021-05-17 03:19:16,19.7297,-155.09,78.8,65,75,8.05
64,Pomuch,MX,2021-05-17 03:19:18,20.1333,-90.1833,83.16,56,87,6.96
65,Severo-Kurilsk,RU,2021-05-17 03:19:18,50.6789,156.125,39.51,95,100,13.44
66,Kundiawa,PG,2021-05-17 03:19:19,-6.0167,144.9667,74.14,74,100,2.57
67,Lasa,IT,2021-05-17 03:19:20,46.6166,10.7002,48.99,93,75,5.75
68,Saquena,PE,2021-05-17 03:19:20,-4.6667,-73.5167,73.58,98,99,1.95
69,Albany,US,2021-05-17 03:19:21,42.6001,-73.9662,55.0,86,100,4.12
70,Manzhouli,CN,2021-05-17 03:19:21,49.6,117.4333,66.31,33,44,15.99
71,Fez,MA,2021-05-17 03:17:58,34.0372,-4.9998,59.0,77,0,5.75
72,Cabo San Lucas,MX,2021-05-17 03:15:57,22.8909,-109.9124,79.0,69,20,14.65
73,Kodiak,US,2021-05-17 03:16:18,57.79,-152.4072,46.4,66,90,3.44
74,Grindavik,IS,2021-05-17 03:19:23,63.8424,-22.4338,37.4,60,0,9.22
75,Tougue,GN,2021-05-17 03:19:23,11.4667,-11.6,74.35,67,100,4.43
76,Atuona,PF,2021-05-17 03:18:40,-9.8,-139.0333,79.43,72,0,12.77
77,Flinders,AU,2021-05-17 03:19:25,-34.5833,150.8552,66.0,51,5,3.0
78,Kavieng,PG,2021-05-17 03:16:44,-2.5744,150.7967,86.0,70,87,16.17
79,Dunedin,NZ,2021-05-17 03:19:26,-45.8742,170.5036,57.0,51,21,10.0
80,Palmas Bellas,PA,2021-05-17 03:19:26,9.2319,-80.0867,82.0,87,100,45.99
81,Pitimbu,BR,2021-05-17 03:19:27,-7.4706,-34.8086,73.4,94,20,4.61
82,Torbay,CA,2021-05-17 03:19:28,47.6666,-52.7314,36.0,93,1,6.91
83,Zalantun,CN,2021-05-17 03:19:28,48.0,122.7167,75.72,22,21,15.19
84,Cidreira,BR,2021-05-17 03:19:29,-30.1811,-50.2056,61.95,88,63,4.43
85,Te Anau,NZ,2021-05-17 03:19:29,-45.4167,167.7167,42.06,96,100,6.91
86,Chagoda,RU,2021-05-17 03:19:30,59.164,35.3285,54.25,90,2,1.05
87,Georgetown,MY,2021-05-17 03:19:27,5.4112,100.3354,87.8,79,20,2.3
88,Paita,PE,2021-05-17 03:19:31,-5.0892,-81.1144,69.24,80,46,12.03
89,Lima Duarte,BR,2021-05-17 03:19:31,-21.8425,-43.7931,62.01,94,29,1.01
90,Sur,OM,2021-05-17 03:19:32,22.5667,59.5289,88.38,43,0,3.91
91,Selikhino,RU,2021-05-17 03:19:33,50.3672,137.4996,65.61,42,2,7.81
92,Nara,JP,2021-05-17 03:19:33,34.6851,135.8049,78.8,78,75,5.75
93,Kamenka,RU,2021-05-17 03:19:34,51.3223,42.7678,61.83,64,100,9.89
94,Rio Gallegos,AR,2021-05-17 03:17:59,-51.6226,-69.2181,44.6,87,40,19.57
95,Nanortalik,GL,2021-05-17 03:19:35,60.1432,-45.2371,35.87,80,99,3.67
96,Carnarvon,AU,2021-05-17 03:15:48,-24.8667,113.6333,78.8,69,88,5.75
97,Norman Wells,CA,2021-05-17 03:19:36,65.282,-126.8329,46.4,57,75,4.61
98,Pathein,MM,2021-05-17 03:19:37,16.7833,94.7333,94.3,49,20,12.88
99,Port Alfred,ZA,2021-05-17 03:16:40,-33.5906,26.891,56.75,67,12,16.49
100,Provideniya,RU,2021-05-17 03:16:17,64.3833,-173.3,33.8,80,75,8.95
101,Bathsheba,BB,2021-05-17 03:16:30,13.2167,-59.5167,78.8,69,40,19.57
102,Tuktoyaktuk,CA,2021-05-17 03:19:38,69.4541,-133.0374,33.8,80,1,14.97
103,Klaksvik,FO,2021-05-17 03:19:39,62.2266,-6.589,44.6,87,90,10.36
104,Roald,NO,2021-05-17 03:19:40,62.5833,6.1333,46.4,87,90,4.61
105,Hofn,IS,2021-05-17 03:19:40,64.2539,-15.2082,38.95,65,100,13.85
106,Mahebourg,MU,2021-05-17 03:19:41,-20.4081,57.7,77.0,73,75,11.5
107,Abalak,RU,2021-05-17 03:19:41,58.1286,68.5944,73.49,42,97,9.89
108,Puerto Ayora,EC,2021-05-17 03:19:42,-0.7393,-90.3518,75.99,95,14,3.0
109,Quartucciu,IT,2021-05-17 03:19:42,39.2519,9.1794,64.0,94,0,4.61
110,Awjilah,LY,2021-05-17 03:19:43,29.1081,21.2869,65.25,54,0,7.14
111,Phalodi,IN,2021-05-17 03:19:44,27.1333,72.3667,93.67,26,99,8.48
112,Saint-Augustin,CA,2021-05-17 03:19:45,51.226,-58.6502,38.25,75,15,5.64
113,Alofi,NU,2021-05-17 03:19:46,-19.0595,-169.9187,80.6,78,5,13.8
114,Port Blair,IN,2021-05-17 03:18:29,11.6667,92.75,89.6,84,40,1.14
115,San Fernando,PH,2021-05-17 03:19:47,15.0286,120.6898,95.0,49,75,4.61
116,Charters Towers,AU,2021-05-17 03:19:47,-20.1,146.2667,73.72,30,0,8.46
117,Beringovskiy,RU,2021-05-17 03:19:48,63.05,179.3167,31.89,99,100,3.36
118,Bonavista,CA,2021-05-17 03:19:48,48.6499,-53.1147,34.0,86,33,3.44
119,Khatanga,RU,2021-05-17 03:16:25,71.9667,102.5,20.59,89,100,7.54
120,Hasaki,JP,2021-05-17 03:19:49,35.7333,140.8333,78.8,78,75,19.57
121,Mataura,NZ,2021-05-17 03:19:50,-46.1927,168.8643,51.01,78,58,5.99
122,Guymon,US,2021-05-17 03:15:00,36.6828,-101.4816,64.4,55,75,20.71
123,Matagami,CA,2021-05-17 03:19:51,49.7502,-77.6328,50.0,93,1,9.22
124,Puerto Escondido,MX,2021-05-17 03:19:51,15.85,-97.0667,84.2,70,40,4.61
125,Port-Gentil,GA,2021-05-17 03:19:52,-0.7193,8.7815,80.98,80,91,10.49
126,Faanui,PF,2021-05-17 03:19:53,-16.4833,-151.75,82.08,68,26,15.28
127,Laguna,US,2021-05-17 03:18:01,38.421,-121.4238,63.0,63,1,13.8
128,Necochea,AR,2021-05-17 03:19:54,-38.5473,-58.7368,52.36,76,0,7.67
129,Katherine,AU,2021-05-17 03:19:54,-14.4667,132.2667,82.4,24,0,14.97
130,Gazojak,TM,2021-05-17 03:19:55,41.1875,61.4036,76.48,19,0,18.01
131,Ugoofaaru,MV,2021-05-17 03:19:56,5.6667,73.0,84.74,74,75,15.35
132,Yinchuan,CN,2021-05-17 03:19:56,38.4681,106.2731,68.61,14,67,5.23
133,Nokaneng,BW,2021-05-17 03:19:57,-19.6667,22.2667,57.09,40,1,2.35
134,Mahajanga,MG,2021-05-17 03:19:57,-15.7167,46.3167,68.0,77,20,4.61
135,Aklavik,CA,2021-05-17 03:19:58,68.2191,-135.0107,51.8,43,97,12.66
136,Kalmunai,LK,2021-05-17 03:19:58,7.4167,81.8167,85.91,69,52,0.54
137,Sirohi,IN,2021-05-17 03:19:59,24.8833,72.8667,82.53,54,100,18.19
138,Sitka,US,2021-05-17 03:19:59,57.0531,-135.33,46.4,71,90,6.91
139,Koutiala,ML,2021-05-17 03:15:56,12.3917,-5.4642,86.54,47,49,9.17
140,Tyukhtet,RU,2021-05-17 03:20:00,56.5389,89.3011,46.85,63,100,3.11
141,Vila Velha,BR,2021-05-17 03:20:01,-20.3297,-40.2925,71.01,88,40,2.3
142,Rundu,NA,2021-05-17 03:20:01,-17.9333,19.7667,55.02,48,0,3.83
143,Ixtapa,MX,2021-05-17 03:20:10,20.7,-105.2,80.01,89,1,3.44
144,New Norfolk,AU,2021-05-17 03:20:11,-42.7826,147.0587,55.99,66,33,1.99
145,Pisco,PE,2021-05-17 03:20:11,-13.7,-76.2167,63.0,94,90,2.3
146,Zhezkazgan,KZ,2021-05-17 03:20:12,47.8043,67.7144,72.19,44,6,10.45
147,Zhicheng,CN,2021-05-17 03:20:13,30.2956,111.5047,68.59,70,100,3.74
148,Cherskiy,RU,2021-05-17 03:20:13,68.75,161.3,43.66,54,9,14.0
149,Tezu,IN,2021-05-17 03:20:14,27.9167,96.1667,76.42,61,100,0.65
150,Toora-Khem,RU,2021-05-17 03:20:14,52.4675,96.11,52.23,84,100,4.94
151,Cayenne,GF,2021-05-17 03:20:15,4.9333,-52.3333,78.01,94,75,2.3
152,Cairns,AU,2021-05-17 03:20:16,-16.9167,145.7667,81.0,53,90,18.41
153,Zhanaozen,KZ,2021-05-17 03:20:16,43.3,52.8,73.17,21,0,17.0
154,Hobyo,SO,2021-05-17 03:20:17,5.3505,48.5268,80.08,82,100,19.98
155,Ponta Do Sol,PT,2021-05-17 03:20:17,32.6667,-17.1,66.2,68,20,16.11
156,Miri,MY,2021-05-17 03:20:18,4.4148,114.0089,86.0,74,40,4.61
157,Inirida,CO,2021-05-17 03:20:19,3.8653,-67.9239,72.84,99,100,2.62
158,Katangli,RU,2021-05-17 03:18:50,51.7102,143.2326,52.41,49,6,5.5
159,Anaconda,US,2021-05-17 03:18:06,46.1285,-112.9423,64.4,16,1,10.36
160,Chany,RU,2021-05-17 03:20:20,55.3121,76.7647,67.03,61,16,6.91
161,Kavaratti,IN,2021-05-17 03:20:20,10.5669,72.642,83.57,78,100,19.98
162,Banikoara,BJ,2021-05-17 03:20:21,11.2985,2.4386,83.84,58,10,8.43
163,Obo,CF,2021-05-17 03:20:22,5.3998,26.4869,67.55,90,81,3.91
164,Karasburg,NA,2021-05-17 03:20:22,-28.0167,18.75,48.0,72,0,2.66
165,Ardabil,IR,2021-05-17 03:20:23,38.2498,48.2933,44.6,65,0,4.61
166,Mollendo,PE,2021-05-17 03:20:23,-17.0231,-72.0147,63.86,90,51,5.61
167,Fortuna,US,2021-05-17 03:20:24,40.5982,-124.1573,51.01,100,90,8.05
168,Sao Joao Da Barra,BR,2021-05-17 03:20:24,-21.6403,-41.0511,71.11,75,15,7.65
169,Lompoc,US,2021-05-17 03:20:25,34.6391,-120.4579,55.4,76,42,6.91
170,Coahuayana,MX,2021-05-17 03:19:22,18.7333,-103.6833,77.11,80,5,1.48
171,Wenchi,GH,2021-05-17 03:20:26,7.7392,-2.1046,73.54,96,100,5.93
172,Pevek,RU,2021-05-17 03:20:26,69.7008,170.3133,31.96,89,43,2.26
173,Nenjiang,CN,2021-05-17 03:20:27,49.1833,125.2167,71.47,32,51,9.8
174,Carutapera,BR,2021-05-17 03:20:27,-1.195,-46.02,75.22,93,88,4.52
175,Kokopo,PG,2021-05-17 03:20:28,-4.352,152.2633,87.13,61,79,10.94
176,Ketchikan,US,2021-05-17 03:20:28,55.3422,-131.6461,51.8,58,75,11.5
177,Plyussa,RU,2021-05-17 03:20:30,58.4308,29.3654,52.92,93,30,6.51
178,Yerbogachen,RU,2021-05-17 03:20:30,61.2767,108.0108,32.59,27,100,14.72
179,Anantapur,IN,2021-05-17 03:20:31,14.6833,77.6,84.67,49,100,8.93
180,Igrim,RU,2021-05-17 03:20:31,63.1906,64.4162,52.79,74,79,6.31
181,Yenotayevka,RU,2021-05-17 03:16:30,47.2456,47.0281,69.87,45,2,16.2
182,Dolores,AR,2021-05-17 03:20:33,-36.3132,-57.6792,48.49,89,7,6.35
183,Zabaykalsk,RU,2021-05-17 03:20:33,49.6333,117.3167,65.84,34,40,15.77
184,Bardiyah,LY,2021-05-17 03:20:34,31.7561,25.0865,64.09,78,6,14.29
185,Sujiatun,CN,2021-05-17 03:20:35,41.6592,123.3392,75.2,33,0,8.95
186,Port Hardy,CA,2021-05-17 03:20:35,50.6996,-127.4199,51.8,93,90,2.3
187,Lata,PT,2021-05-17 03:20:36,40.1629,-8.3327,54.0,94,0,2.3
188,Matay,EG,2021-05-17 03:20:26,28.419,30.7792,68.83,62,3,12.33
189,Krasnoselkup,RU,2021-05-17 03:20:37,65.7,82.4667,32.11,51,9,6.08
190,Plettenberg Bay,ZA,2021-05-17 03:19:01,-34.0527,23.3716,53.49,74,29,7.76
191,Morros,BR,2021-05-17 03:20:38,-9.4467,-46.3003,75.43,56,100,3.09
192,East London,ZA,2021-05-17 03:20:39,-33.0153,27.9116,53.6,66,0,9.22
193,Saint-Joseph,RE,2021-05-17 03:20:40,-21.3667,55.6167,73.4,56,75,5.75
194,Santa Isabel,BR,2021-05-17 03:20:40,-23.3156,-46.2214,64.4,100,0,1.14
195,Conde,BR,2021-05-17 03:20:41,-7.2597,-34.9075,73.4,94,20,4.61
196,Sao Filipe,CV,2021-05-17 03:20:41,14.8961,-24.4956,74.91,64,100,5.84
197,Betanzos,ES,2021-05-17 03:20:42,43.2804,-8.2147,55.99,100,0,3.44
198,Copiapo,CL,2021-05-17 03:18:11,-27.3667,-70.3333,55.4,94,90,8.05
199,Avarua,CK,2021-05-17 03:15:48,-21.2078,-159.775,78.8,73,40,10.36
200,Bahir Dar,ET,2021-05-17 03:20:43,11.5936,37.3908,62.26,88,100,5.21
201,Leningradskiy,RU,2021-05-17 03:20:44,69.3833,178.4167,32.13,89,77,11.61
202,Berbera,SO,2021-05-17 03:20:44,10.4396,45.0143,88.39,47,3,3.38
203,Yaan,NG,2021-05-17 03:20:45,7.3833,8.5667,75.2,83,100,7.67
204,The Valley,AI,2021-05-17 03:17:22,18.217,-63.0578,80.6,78,20,8.05
205,Vostok,RU,2021-05-17 03:20:46,46.4856,135.8833,66.29,29,16,7.76
206,Udachnyy,RU,2021-05-17 03:20:46,66.4167,112.4,22.69,87,100,14.38
207,Kasongo-Lunda,CD,2021-05-17 03:20:47,-6.4667,16.8167,74.25,67,100,1.32
208,Ushuaia,AR,2021-05-17 03:18:38,-54.8,-68.3,42.8,75,20,20.71
209,Hermanus,ZA,2021-05-17 03:20:48,-34.4187,19.2345,48.99,95,3,6.49
210,Maturin,VE,2021-05-17 03:20:48,9.75,-63.1767,74.17,81,17,6.04
211,Zurrieq,MT,2021-05-17 03:20:49,35.8311,14.4742,64.0,88,0,5.75
212,San Javier,ES,2021-05-17 03:20:49,37.8063,-0.8374,70.0,72,0,3.44
213,Tari,NG,2021-05-17 03:20:50,12.4086,4.4914,84.76,55,72,11.36
214,Waingapu,ID,2021-05-17 03:18:53,-9.6567,120.2641,83.88,64,42,14.52
215,Avera,US,2021-05-17 03:19:45,33.194,-82.5271,62.6,82,1,4.97
216,Kahului,US,2021-05-17 03:17:01,20.8947,-156.47,78.8,53,40,21.85
217,Ghanzi,BW,2021-05-17 03:20:52,-21.5667,21.7833,56.52,40,1,5.82
218,Nelson Bay,AU,2021-05-17 03:20:52,-32.7167,152.15,64.99,45,20,9.22
219,Hambantota,LK,2021-05-17 03:20:53,6.1241,81.1185,82.4,89,20,4.61
220,Mar Del Plata,AR,2021-05-17 03:16:19,-38.0023,-57.5575,52.0,100,0,2.3
221,Surt,LY,2021-05-17 03:20:54,31.2089,16.5887,67.91,44,53,9.26
222,Tres Barras,BR,2021-05-17 03:20:54,-26.1064,-50.3222,51.4,98,21,0.65
223,Cockburn Town,TC,2021-05-17 03:20:55,21.4612,-71.1419,79.77,77,2,16.44
224,Bambanglipuro,ID,2021-05-17 03:20:56,-7.95,110.2833,83.7,69,98,10.09
225,Comodoro Rivadavia,AR,2021-05-17 03:16:58,-45.8667,-67.5,42.8,87,75,8.9
226,Tuatapere,NZ,2021-05-17 03:20:56,-46.1333,167.6833,51.01,78,99,7.0
227,Nushki,PK,2021-05-17 03:20:57,29.5542,66.0215,81.97,16,5,1.25
228,Zapolyarnyy,RU,2021-05-17 03:20:58,69.4154,30.8136,35.6,100,90,3.94
229,Codrington,AU,2021-05-17 03:20:58,-38.2667,141.9667,58.57,63,26,7.18
230,Chone,EC,2021-05-17 03:20:59,-0.6833,-80.1,73.6,93,97,1.54
231,Kuressaare,EE,2021-05-17 03:21:00,58.2481,22.5039,53.6,94,20,9.22
232,Iqaluit,CA,2021-05-17 03:18:34,63.7506,-68.5145,23.0,68,20,9.22
233,Homer,US,2021-05-17 03:18:34,59.6425,-151.5483,48.2,57,1,10.36
234,Taoudenni,ML,2021-05-17 03:21:02,22.6783,-3.9836,94.1,11,82,12.46
235,Coquimbo,CL,2021-05-17 03:21:03,-29.9533,-71.3436,53.6,100,90,8.05
236,Peterongan,ID,2021-05-17 03:21:03,-7.5394,112.2792,87.8,62,20,4.61
237,Khuzdar,PK,2021-05-17 03:21:04,27.7384,66.6434,77.56,32,7,3.04
238,Narsaq,GL,2021-05-17 03:21:04,60.9167,-46.05,37.4,56,1,1.14
239,Abu Dhabi,AE,2021-05-17 03:21:05,24.4667,54.3667,82.4,69,0,3.44
240,Whitehorse,CA,2021-05-17 03:21:05,60.7161,-135.0538,42.01,75,90,3.44
241,Linguere,SN,2021-05-17 03:21:06,15.3953,-15.1193,79.45,36,97,12.24
242,Clyde River,CA,2021-05-17 03:21:06,70.4692,-68.5914,19.4,86,75,16.11
243,Dingle,PH,2021-05-17 03:21:07,10.9995,122.6711,90.72,53,97,13.82
244,Tilichiki,RU,2021-05-17 03:21:08,60.4667,166.1,34.93,88,100,4.85
245,Meybod,IR,2021-05-17 03:21:08,32.2501,54.0166,71.6,28,0,2.04
246,Ostrovnoy,RU,2021-05-17 03:21:09,68.0531,39.5131,36.19,80,100,4.56
247,Loa Janan,ID,2021-05-17 03:21:09,-0.583,117.095,83.44,85,94,1.86
248,Ossora,RU,2021-05-17 03:21:10,59.2353,163.0719,36.63,85,99,4.21
249,Bowen,AU,2021-05-17 03:21:10,-20.0167,148.2333,77.0,53,40,16.11
250,Viedma,AR,2021-05-17 03:20:34,-40.8135,-62.9967,49.15,84,1,6.29
251,Katsuura,JP,2021-05-17 03:21:11,35.1333,140.3,77.0,88,100,8.99
252,Juneau,US,2021-05-17 03:21:12,58.3019,-134.4197,46.99,71,90,6.91
253,Togur,RU,2021-05-17 03:21:12,58.3631,82.8265,48.6,86,100,3.42
254,Longyearbyen,SJ,2021-05-17 03:21:13,78.2186,15.6401,21.2,73,0,3.44
255,Margate,GB,2021-05-17 03:21:13,51.3813,1.3862,51.01,85,96,4.0
256,Raga,SS,2021-05-17 03:21:14,8.4596,25.678,73.09,85,97,3.42
257,Westerland,DE,2021-05-17 03:16:40,54.9079,8.3033,48.2,93,90,6.91
258,Pangnirtung,CA,2021-05-17 03:21:15,66.1451,-65.7125,25.68,97,100,1.23
259,Pombas,CV,2021-05-17 03:21:15,17.1503,-25.0201,71.6,78,20,13.8
260,Muravlenko,RU,2021-05-17 03:21:16,63.7898,74.523,36.77,92,100,13.78
261,Khorramshahr,IR,2021-05-17 03:19:16,30.4397,48.1664,80.6,41,0,2.3
262,Mangrol,IN,2021-05-17 03:21:17,21.1167,70.1167,85.8,63,100,25.34
263,Kutum,SD,2021-05-17 03:21:18,14.2,24.6667,72.18,7,62,4.07
264,Uhlove,UA,2021-05-17 03:21:18,44.8215,33.6045,57.99,68,85,6.31
265,Benton,US,2021-05-17 03:21:19,36.3334,-94.3335,68.0,77,75,6.91
266,Estelle,US,2021-05-17 03:21:19,29.8458,-90.1067,75.99,88,20,4.61
267,Los Andes,CL,2021-05-17 03:21:20,-32.8337,-70.5983,64.0,62,100,1.14
268,Druskininkai,LT,2021-05-17 03:21:20,54.0167,23.9667,55.4,94,90,4.47
269,Saint-Philippe,RE,2021-05-17 03:21:21,-21.3585,55.7679,73.4,56,75,5.75
270,Kruisfontein,ZA,2021-05-17 03:21:21,-34.0033,24.7314,50.86,75,8,11.1
271,Neuquen,AR,2021-05-17 03:21:22,-38.9516,-68.0591,42.8,93,0,2.3
272,Calvia,ES,2021-05-17 03:21:23,39.5657,2.5062,63.0,77,0,18.41
273,Penzance,GB,2021-05-17 03:21:23,50.1186,-5.5371,51.8,87,75,10.36
274,Talnakh,RU,2021-05-17 03:21:24,69.4865,88.3972,21.61,90,100,4.56
275,Saskylakh,RU,2021-05-17 03:21:24,71.9167,114.0833,23.79,94,100,20.15
276,Byron Bay,AU,2021-05-17 03:21:25,-28.65,153.6167,66.99,48,13,11.5
277,Harboore,DK,2021-05-17 03:21:25,56.6175,8.1807,48.99,3,100,3.11
278,Nemuro,JP,2021-05-17 03:21:26,43.3236,145.575,57.2,94,75,9.22
279,Broome,US,2021-05-17 03:21:26,42.2506,-75.833,53.6,71,90,9.22
280,Soyo,AO,2021-05-17 03:21:27,-6.1349,12.3689,78.84,85,65,6.35
281,Manggar,ID,2021-05-17 03:18:56,-2.8833,108.2667,86.76,65,100,10.98
282,Kloulklubed,PW,2021-05-17 03:21:28,7.0419,134.2556,84.2,79,75,13.8
283,Baruun-Urt,MN,2021-05-17 03:21:29,46.6806,113.2792,70.5,18,4,14.85
284,Sumbuya,SL,2021-05-17 03:21:29,7.6467,-11.9611,74.91,97,100,1.5
285,Mwinilunga,ZM,2021-05-17 03:21:30,-11.7358,24.4293,54.59,77,52,3.58
286,Ancud,CL,2021-05-17 03:21:30,-41.8697,-73.8203,46.99,100,100,1.14
287,Tikrit,IQ,2021-05-17 03:19:08,34.6071,43.6782,84.72,14,0,6.17
288,Novaya Zaimka,RU,2021-05-17 03:21:32,56.4857,66.9241,75.0,41,53,11.48
289,Ca Mau,VN,2021-05-17 03:21:32,9.1769,105.15,95.27,45,100,4.29
290,Tromso,NO,2021-05-17 03:19:06,69.6496,18.957,41.0,81,20,3.44
291,Kaeo,NZ,2021-05-17 03:17:33,-35.1,173.7833,66.99,70,0,8.99
292,Capoterra,IT,2021-05-17 03:21:34,39.1763,8.9718,64.0,94,0,4.61
293,Sakakah,SA,2021-05-17 03:21:34,29.9697,40.2064,73.4,17,0,5.75
294,Riberalta,BO,2021-05-17 03:21:36,-10.9833,-66.1,75.78,80,65,2.17
295,Bredasdorp,ZA,2021-05-17 03:21:36,-34.5322,20.0403,48.2,87,8,5.75
296,North Myrtle Beach,US,2021-05-17 03:21:37,33.816,-78.68,69.01,56,1,4.61
297,Poum,NC,2021-05-17 03:21:38,-20.2333,164.0167,76.87,76,71,10.2
298,Cape Town,ZA,2021-05-17 03:21:38,-33.9258,18.4232,53.01,93,0,5.75
299,Barrow,US,2021-05-17 03:21:39,71.2906,-156.7887,28.4,80,90,12.66
300,Kismayo,SO,2021-05-17 03:21:39,-0.3582,42.5454,79.29,84,41,13.51
301,Kivertsi,UA,2021-05-17 03:21:40,50.8343,25.4582,54.0,93,100,1.99
302,Gizo,SB,2021-05-17 03:21:41,-8.103,156.8419,86.25,66,88,6.13
303,Churapcha,RU,2021-05-17 03:21:41,62.0025,132.4325,50.97,43,100,13.78
304,Ahipara,NZ,2021-05-17 03:17:21,-35.1667,173.1667,64.81,75,1,15.26
305,Kalemie,CD,2021-05-17 03:21:42,-5.9475,29.1947,71.04,84,77,2.46
306,Saint-Georges,GD,2021-05-17 03:21:43,12.0564,-61.7485,80.6,78,20,12.66
307,Bayan,CN,2021-05-17 03:21:43,46.0833,127.4,72.57,32,0,9.73
308,Sayyan,YE,2021-05-17 03:21:43,15.1718,44.3244,63.57,49,42,2.06
309,Tateyama,JP,2021-05-17 03:21:44,34.9833,139.8667,73.0,94,75,23.02
310,Lujan,AR,2021-05-17 03:20:05,-34.5703,-59.105,55.0,93,17,1.14
311,Husavik,IS,2021-05-17 03:21:45,66.0449,-17.3389,33.8,69,90,4.61
312,Sadsadan,PH,2021-05-17 03:21:45,16.9333,120.8667,83.16,36,4,1.1
313,Korla,CN,2021-05-17 03:21:46,41.7597,86.1469,67.77,26,99,5.64
314,Santa Helena De Goias,BR,2021-05-17 03:21:47,-17.8136,-50.5969,70.56,48,84,2.33
315,Alyangula,AU,2021-05-17 03:21:47,-13.8483,136.4192,84.2,51,40,10.36
316,Belmonte,BR,2021-05-17 03:21:48,-15.8631,-38.8828,68.0,88,0,5.75
317,Vestmannaeyjar,IS,2021-05-17 03:21:48,63.4427,-20.2734,39.6,71,100,4.05
318,Mao,ES,2021-05-17 03:21:49,39.8885,4.2658,60.8,72,0,21.85
319,Shambu,ET,2021-05-17 03:21:49,9.5667,37.1,51.55,96,98,4.63
320,Goulburn,AU,2021-05-17 03:21:50,-34.75,149.7167,55.99,59,6,8.55
321,Nobres,BR,2021-05-17 03:21:51,-14.7203,-56.3275,73.81,60,100,2.64
322,Sterling,US,2021-05-17 03:18:47,39.0062,-77.4286,55.4,76,75,4.61
323,Esperance,AU,2021-05-17 03:21:52,-33.8667,121.9,64.4,48,100,18.41
324,Businga,CD,2021-05-17 03:21:52,3.3333,20.8833,70.3,98,99,1.03
325,Palauig,PH,2021-05-17 03:21:53,15.435,119.9045,89.69,56,18,8.39
326,Jurbarkas,LT,2021-05-17 03:21:53,55.0778,22.7664,52.92,97,100,3.65
327,Robertsport,LR,2021-05-17 03:21:54,6.7533,-11.3686,78.35,86,100,6.22
328,Raudeberg,NO,2021-05-17 03:21:54,61.9875,5.1352,42.01,93,100,6.42
329,Vuktyl,RU,2021-05-17 03:21:55,63.8567,57.3094,58.41,83,92,3.98
330,Chifeng,CN,2021-05-17 03:21:56,42.2683,118.9636,75.56,13,0,4.7
331,San Pedro,PH,2021-05-17 03:21:56,14.35,121.0167,95.0,52,20,10.36
332,Mamallapuram,IN,2021-05-17 03:21:57,12.6264,80.1722,89.6,58,20,6.91
333,Bela Vista,BR,2021-05-17 03:21:57,-22.1089,-56.5211,72.25,54,81,3.42
334,Kizukuri,JP,2021-05-17 03:21:58,40.8061,140.3861,64.99,94,75,8.05
335,Lavrentiya,RU,2021-05-17 03:21:59,65.5833,-171.0,32.25,83,99,0.6
336,Panzhihua,CN,2021-05-17 03:17:59,26.5851,101.7128,88.23,30,72,2.33
337,Yar-Sale,RU,2021-05-17 03:22:00,66.8333,70.8333,28.11,83,80,10.56
338,Nantucket,US,2021-05-17 03:22:00,41.2835,-70.0995,53.6,82,1,6.91
339,Ambon,ID,2021-05-17 03:22:01,-3.6954,128.1814,82.4,83,40,4.61
340,Labuhan,ID,2021-05-17 03:22:01,-6.8844,112.2051,85.32,64,84,1.54
341,Bluff,NZ,2021-05-17 03:22:02,-46.6,168.3333,51.01,78,87,7.0
342,Kangaatsiaq,GL,2021-05-17 03:22:03,68.3065,-53.4641,33.08,76,75,1.63
343,Uvinza,TZ,2021-05-17 03:22:04,-5.1036,30.3911,64.63,86,95,1.1
344,Faya,SA,2021-05-17 03:22:04,18.3851,42.4509,68.0,20,0,3.58
345,Quatre Cocos,MU,2021-05-17 03:22:05,-20.2078,57.7625,77.0,73,75,11.5
346,Auki,SB,2021-05-17 03:22:06,-8.7676,160.7034,86.27,64,78,6.26
347,Takoradi,GH,2021-05-17 03:22:07,4.8845,-1.7554,78.71,87,100,5.88
348,Snezhnogorsk,RU,2021-05-17 03:22:08,69.1933,33.2531,37.4,100,75,4.47
349,Darfield,GB,2021-05-17 03:22:09,53.5339,-1.376,48.0,95,99,3.56
350,Saint George,US,2021-05-17 03:22:10,37.1041,-113.5841,75.2,16,1,8.05
351,Qandala,SO,2021-05-17 03:22:11,11.472,49.8728,86.86,61,52,5.77
352,Ribeira Grande,PT,2021-05-17 03:22:11,38.5167,-28.7,65.16,91,100,21.77
353,Pangai,TO,2021-05-17 03:22:12,-19.8,-174.35,82.4,74,20,11.5
354,Sambava,MG,2021-05-17 03:22:13,-14.2667,50.1667,72.46,77,31,9.66
355,Manhattan Beach,US,2021-05-17 03:22:13,33.8847,-118.4109,61.0,72,90,8.05
356,El Cobre,CU,2021-05-17 03:22:14,20.0489,-75.9469,78.8,83,40,4.61
357,Bilma,NE,2021-05-17 03:22:14,18.6853,12.9164,86.27,11,0,11.41
358,Monchegorsk,RU,2021-05-17 03:22:15,67.9397,32.8739,43.0,100,100,6.42
359,Marrakesh,MA,2021-05-17 03:22:04,31.6315,-8.0083,66.2,48,5,3.44
360,Novhorodka,UA,2021-05-17 03:22:16,48.3651,32.6578,59.0,82,40,15.66
361,Awbari,LY,2021-05-17 03:22:17,26.5921,12.7805,75.94,15,13,7.96
362,Zhangjiakou,CN,2021-05-17 03:22:17,40.81,114.8794,71.06,20,94,6.08
363,Alta,NO,2021-05-17 03:22:18,69.9689,23.2717,41.0,81,75,12.66
364,Tirukkoyilur,IN,2021-05-17 03:22:19,11.95,79.2,89.42,49,38,3.49
365,Pak Phanang,TH,2021-05-17 03:22:19,8.3511,100.202,93.0,66,40,3.44
366,Bitung,ID,2021-05-17 03:22:20,1.4451,125.1824,80.6,83,40,6.91
367,Marienburg,PL,2021-05-17 03:19:38,54.0359,19.0266,48.0,100,3,7.0
368,Camacha,PT,2021-05-17 03:22:21,33.0833,-16.3333,66.2,77,75,8.05
369,Panaba,MX,2021-05-17 03:22:21,21.2833,-88.2667,76.95,79,76,10.29
370,Antofagasta,CL,2021-05-17 03:22:22,-23.65,-70.4,60.8,77,90,3.44
371,Ericeira,PT,2021-05-17 03:22:22,38.9627,-9.4156,55.99,96,58,13.27
372,Peniche,PT,2021-05-17 03:22:23,39.3558,-9.3811,57.0,89,84,3.0
373,Conceicao Da Barra,BR,2021-05-17 03:22:24,-18.5933,-39.7322,68.95,81,76,3.53
374,Bengkulu,ID,2021-05-17 03:22:24,-3.8004,102.2655,84.16,70,100,2.91
375,Cabras,IT,2021-05-17 03:22:25,39.93,8.5314,55.0,92,21,8.99
376,Payo,ID,2021-05-17 03:22:25,-3.7508,103.6372,86.27,65,92,1.34
377,Porto Tolle,IT,2021-05-17 03:22:26,44.9497,12.3245,63.0,70,89,1.01
378,Khasan,RU,2021-05-17 03:22:27,42.4308,130.6434,67.05,38,10,4.72
379,Maryborough,AU,2021-05-17 03:22:28,-25.5333,152.7,73.0,49,2,3.0
380,Nishihara,JP,2021-05-17 03:22:28,26.1842,127.7558,87.8,74,75,17.27
381,Eydhafushi,MV,2021-05-17 03:22:29,5.1033,73.0708,84.61,75,98,15.08
382,Muroto,JP,2021-05-17 03:22:29,33.2833,134.15,73.4,100,75,6.91
383,Kaiwaka,NZ,2021-05-17 03:22:30,-36.1667,174.45,62.01,87,1,14.0
384,Geraldton,AU,2021-05-17 03:22:30,-28.7667,114.6,82.4,30,34,12.66
385,Tiznit,MA,2021-05-17 03:22:31,29.5833,-9.5,66.87,60,0,2.93
386,Elizabeth City,US,2021-05-17 03:17:33,36.2946,-76.2511,62.6,82,90,4.61
387,Sao Miguel Do Araguaia,BR,2021-05-17 03:22:32,-13.275,-50.1628,72.81,54,100,2.8
388,Morden,CA,2021-05-17 03:22:33,49.1919,-98.1014,71.6,20,72,6.82
389,Dongsheng,CN,2021-05-17 03:19:34,39.8161,109.9776,63.57,16,100,10.04
390,Luderitz,NA,2021-05-17 03:22:34,-26.6481,15.1594,59.54,72,42,11.14
391,Vestmanna,FO,2021-05-17 03:22:34,62.1564,-7.1664,44.6,87,90,10.36
392,College,US,2021-05-17 03:18:18,64.8569,-147.8028,53.6,66,75,5.75
393,Dikson,RU,2021-05-17 03:22:35,73.5069,80.5464,26.53,78,100,12.21
394,Tabou,CI,2021-05-17 03:22:35,4.423,-7.3528,78.6,86,100,5.17
395,Shimoda,JP,2021-05-17 03:22:36,34.6667,138.95,72.0,94,75,23.02
396,Constitucion,CL,2021-05-17 03:22:37,-35.3333,-72.4167,57.4,59,100,6.55
397,Samana,DO,2021-05-17 03:22:37,19.2056,-69.3369,75.49,84,0,5.01
398,Fort Nelson,CA,2021-05-17 03:22:38,58.8053,-122.7002,48.2,81,75,3.44
399,Ulaangom,MN,2021-05-17 03:22:39,49.9811,92.0667,69.28,24,6,2.82
400,Kenai,US,2021-05-17 03:22:39,60.5544,-151.2583,50.0,71,1,12.66
401,Boa Vista,BR,2021-05-17 03:18:26,2.8197,-60.6733,78.8,89,75,2.3
402,Loubomo,CG,2021-05-17 03:22:40,-4.1997,12.6739,72.88,95,100,2.28
403,Nizwa,OM,2021-05-17 03:22:41,22.9333,57.5333,88.43,25,0,0.58
404,Nerchinskiy Zavod,RU,2021-05-17 03:22:42,51.3088,119.61,59.41,37,69,8.84
405,Jardim,BR,2021-05-17 03:22:03,-21.4803,-56.1381,74.35,44,77,2.66
406,Tautira,PF,2021-05-17 03:22:43,-17.7333,-149.15,84.2,70,75,3.44
407,Bundaberg,AU,2021-05-17 03:22:44,-24.85,152.35,75.2,29,2,6.91
408,Waupun,US,2021-05-17 03:22:44,43.6333,-88.7296,57.2,72,1,5.75
409,Talara,PE,2021-05-17 03:22:45,-4.5772,-81.2719,69.13,85,67,12.8
410,Acapulco,MX,2021-05-17 03:19:20,16.8634,-99.8901,84.2,74,75,5.75
411,Chilca,PE,2021-05-17 03:22:46,-12.5211,-76.7372,62.6,82,0,5.75
412,Yuanping,CN,2021-05-17 03:20:10,38.7153,112.7575,68.02,25,69,0.94
413,Bam,IR,2021-05-17 03:22:47,29.106,58.357,81.19,18,1,3.74
414,Balad,IQ,2021-05-17 03:22:47,34.0164,44.1453,85.68,12,0,7.85
415,Mala,PE,2021-05-17 03:22:48,-12.6581,-76.6308,64.96,85,8,4.56
416,Sorong,ID,2021-05-17 03:21:28,-0.8833,131.25,83.35,80,84,4.81
417,Montepuez,MZ,2021-05-17 03:22:49,-13.1256,38.9997,64.06,97,5,2.71
418,Rebrikha,RU,2021-05-17 03:22:50,53.0733,82.3408,66.31,66,35,9.8
419,Wheeling,US,2021-05-17 03:22:50,42.1392,-87.929,60.8,59,1,4.61
420,Lodja,CD,2021-05-17 03:22:50,-3.4833,23.4333,71.13,88,96,2.17
421,Nunoa,PE,2021-05-17 03:22:51,-14.48,-70.6411,37.76,69,58,3.24
422,Burlatskoye,RU,2021-05-17 03:22:52,45.0564,43.635,62.28,57,97,9.28
423,Bokaa,BW,2021-05-17 03:22:52,-24.45,26.0167,46.4,71,0,5.75
424,Kautokeino,NO,2021-05-17 03:22:53,69.0125,23.0412,35.33,100,100,4.18
425,Tahta,EG,2021-05-17 03:22:54,26.7693,31.5021,80.6,36,0,11.5
426,Itambacuri,BR,2021-05-17 03:22:54,-18.0311,-41.685,62.46,90,85,4.16
427,Maragogi,BR,2021-05-17 03:22:55,-9.0122,-35.2225,74.41,84,29,7.7
428,Rancho Palos Verdes,US,2021-05-17 03:22:56,33.7445,-118.387,61.0,82,75,5.75
429,Sangamner,IN,2021-05-17 03:22:56,19.5667,74.2167,76.78,71,100,26.33
430,Tambopata,PE,2021-05-17 03:22:57,-12.7333,-69.1833,75.97,73,68,1.81
431,Nardaran,AZ,2021-05-17 03:22:57,40.5561,50.0056,66.2,88,0,9.22
432,Kathmandu,NP,2021-05-17 03:21:07,27.7167,85.3167,73.4,60,75,3.44
433,Tual,ID,2021-05-17 03:22:58,-5.6667,132.75,83.16,78,31,19.73
434,Loreto,MX,2021-05-17 03:22:59,22.2667,-101.9667,74.66,22,27,2.86
435,Itoman,JP,2021-05-17 03:23:00,26.1247,127.6694,87.8,84,40,9.22
436,Neftcala,AZ,2021-05-17 03:23:00,39.3742,49.2472,67.53,66,23,5.39
437,Srednekolymsk,RU,2021-05-17 03:23:01,67.45,153.6833,39.61,80,46,10.38
438,Dakar,SN,2021-05-17 03:21:40,14.6937,-17.4441,69.8,94,20,9.22
439,Coihaique,CL,2021-05-17 03:23:02,-45.5752,-72.0662,32.0,93,0,1.14
440,Chauk,MM,2021-05-17 03:23:02,20.8833,94.8167,96.78,37,20,6.29
441,Karlstad,SE,2021-05-17 03:23:03,59.3793,13.5036,48.2,100,75,6.91
442,Kudahuvadhoo,MV,2021-05-17 03:23:03,2.6708,72.8944,84.06,73,9,13.15
443,Okhotsk,RU,2021-05-17 03:23:04,59.3833,143.3,42.03,61,98,6.93
444,Praxedis Guerrero,MX,2021-05-17 03:23:04,31.3667,-106.0167,82.4,5,1,11.5
445,Bodaybo,RU,2021-05-17 03:23:05,57.8506,114.1933,37.02,45,100,14.92
446,Khani,GE,2021-05-17 03:23:05,41.9563,42.9566,53.6,87,0,4.61
447,Portland,US,2021-05-17 03:21:28,45.5234,-122.6762,75.2,35,20,4.61
448,Kostomuksha,RU,2021-05-17 03:23:06,64.571,30.5767,50.07,89,100,5.39
449,Camargo,MX,2021-05-17 03:23:07,27.6667,-105.1667,81.59,8,0,4.72
450,Hamilton,US,2021-05-17 03:23:08,39.1834,-84.5333,60.8,88,1,3.58
451,La Union,PE,2021-05-17 03:23:09,-5.4,-80.75,71.22,70,50,13.44
452,Ushtobe,KZ,2021-05-17 03:23:09,45.2514,77.9838,69.24,39,0,7.72
453,Morshansk,RU,2021-05-17 03:23:10,53.4435,41.8107,62.44,87,15,4.92
454,Prince Rupert,CA,2021-05-17 03:23:10,54.3161,-130.3201,48.2,71,1,9.22
455,Kisangani,CD,2021-05-17 03:23:11,0.5167,25.2,71.31,96,82,4.03
456,Erzin,TR,2021-05-17 03:23:11,36.9559,36.2,64.99,88,25,1.66
457,Sinnar,SD,2021-05-17 03:23:12,13.5691,33.5672,83.66,45,23,12.08
458,Anshun,CN,2021-05-17 03:23:12,26.25,105.9333,61.83,73,100,8.68
459,Ratnagiri,IN,2021-05-17 03:23:13,16.9833,73.3,80.31,93,100,28.92
460,Sabang,ID,2021-05-17 03:23:14,5.8933,95.3214,84.16,74,100,12.75
461,Sinyavskoye,RU,2021-05-17 03:23:15,47.277,39.2789,64.4,55,0,15.66
462,Tiksi,RU,2021-05-17 03:23:15,71.6872,128.8694,29.55,90,100,7.34
463,Mount Gambier,AU,2021-05-17 03:23:16,-37.8333,140.7667,59.0,72,75,10.36
464,Shirokiy,RU,2021-05-17 03:23:16,49.758,129.523,68.14,43,35,9.57
465,Giulesti,RO,2021-05-17 03:23:17,47.8167,23.9333,54.0,94,75,2.3
466,Mapiripan,CO,2021-05-17 03:23:17,2.8892,-72.1256,72.5,95,91,2.28
467,Emba,KZ,2021-05-17 03:23:18,48.8264,58.1442,77.54,21,5,1.34
468,Ust-Nera,RU,2021-05-17 03:23:19,64.5667,143.2,46.89,56,97,4.16
469,Zmeinogorsk,RU,2021-05-17 03:23:19,51.1567,82.195,64.33,64,74,6.2
470,Aripuana,BR,2021-05-17 03:23:20,-9.1667,-60.6333,72.88,80,100,1.74
471,Pilar,BR,2021-05-17 03:23:21,-9.5972,-35.9567,69.8,94,0,2.3
472,Aksu,CN,2021-05-17 03:23:21,41.1231,80.2644,66.06,22,2,3.74
473,Amapa,BR,2021-05-17 03:23:22,1.0,-52.0,72.19,99,99,1.01
474,Asau,RO,2021-05-17 03:23:22,46.4333,26.4,54.0,94,0,3.44
475,Chicama,PE,2021-05-17 03:23:23,-7.8447,-79.1469,64.4,88,40,8.05
476,Oppdal,NO,2021-05-17 03:22:13,62.5943,9.6912,40.24,88,82,5.93
477,Filingue,NE,2021-05-17 03:23:24,14.3521,3.3168,87.96,29,35,11.18
478,Tahoua,NE,2021-05-17 03:23:22,14.8888,5.2692,86.23,12,43,8.41
479,Sibolga,ID,2021-05-17 03:23:25,1.7427,98.7792,77.63,93,100,4.36
480,Izhma,RU,2021-05-17 03:23:25,65.0083,53.9113,44.92,92,100,8.39
481,Amherstburg,CA,2021-05-17 03:23:26,42.1168,-83.0499,55.4,62,1,6.4
482,Menongue,AO,2021-05-17 03:23:26,-14.6585,17.691,54.36,60,1,2.91
483,Bauchi,NG,2021-05-17 03:23:27,10.5,10.0,78.44,68,100,6.06
484,Chaoyang,CN,2021-05-17 03:20:11,41.5703,120.4586,82.56,10,0,0.76
485,Kirakira,SB,2021-05-17 03:23:28,-10.4544,161.9205,85.05,73,87,10.92
486,Makinsk,KZ,2021-05-17 03:23:29,52.6292,70.4169,79.34,40,89,4.47
487,Puerto Leguizamo,CO,2021-05-17 03:23:29,-0.1934,-74.7819,72.57,98,100,2.19
488,Skibbereen,IE,2021-05-17 03:23:30,51.55,-9.2667,46.4,93,75,10.36
489,Port Lincoln,AU,2021-05-17 03:23:30,-34.7333,135.8667,60.03,54,100,1.68
490,Odweyne,SO,2021-05-17 03:19:13,9.4092,45.064,74.46,61,7,7.81
491,Cleethorpes,GB,2021-05-17 03:23:31,53.5605,-0.0323,48.99,87,40,12.66
492,Trzebnica,PL,2021-05-17 03:23:32,51.3108,17.0633,50.0,93,0,3.44
493,Castro,BR,2021-05-17 03:23:32,-24.7911,-50.0119,54.27,90,52,2.93
494,La Ronge,CA,2021-05-17 03:23:33,55.1001,-105.2842,48.2,53,100,5.75
495,Carquefou,FR,2021-05-17 03:23:33,47.2982,-1.4902,52.0,87,92,12.66
496,Chokurdakh,RU,2021-05-17 03:23:34,70.6333,147.9167,32.56,94,86,11.05
497,Umm Kaddadah,SD,2021-05-17 03:23:35,13.6017,26.6876,78.13,4,55,4.81
498,Xiantao,CN,2021-05-17 03:23:35,30.3833,113.4,68.31,57,30,7.29
499,High Rock,BS,2021-05-17 03:23:36,26.6208,-78.2833,71.6,78,75,5.75
500,Hualmay,PE,2021-05-17 03:23:37,-11.0964,-77.6139,64.62,85,1,8.32
501,Pemberton,CA,2021-05-17 03:23:37,50.3164,-122.8027,66.2,52,53,5.75
502,Ulverstone,AU,2021-05-17 03:23:38,-41.15,146.1667,57.99,51,13,8.99
503,Erenhot,CN,2021-05-17 03:23:38,43.6475,111.9767,71.49,17,0,17.74
504,Plouzane,FR,2021-05-17 03:23:39,48.3833,-4.6167,51.8,93,90,13.8
505,Malacacheta,BR,2021-05-17 03:23:39,-17.8422,-42.0767,58.66,91,98,2.91
506,Moyale,KE,2021-05-17 03:23:40,3.5167,39.0584,63.73,84,71,3.53
507,Dudinka,RU,2021-05-17 03:23:41,69.4058,86.1778,22.23,92,100,6.24
508,Dale,US,2021-05-17 03:23:41,38.1689,-86.99,66.2,88,90,6.91
509,Pangkalanbuun,ID,2021-05-17 03:23:42,-2.6833,111.6167,87.33,65,100,4.7
510,Isla Mujeres,MX,2021-05-17 03:23:42,21.2311,-86.731,82.4,78,40,10.36
511,Belaya Gora,RU,2021-05-17 03:23:43,68.5333,146.4167,38.43,75,100,10.67
512,Guerrero Negro,MX,2021-05-17 03:23:44,27.9769,-114.0611,59.88,79,1,18.66
513,Tucuman,AR,2021-05-17 03:20:11,-26.8241,-65.2226,68.0,73,75,4.61
514,Halifax,CA,2021-05-17 03:23:06,44.6453,-63.5724,48.99,93,100,5.75
515,Maku,IR,2021-05-17 03:23:45,39.2911,44.4521,63.95,41,1,3.42
516,Wahiawa,US,2021-05-17 03:23:46,21.5028,-158.0236,75.2,60,75,11.5
517,Souillac,MU,2021-05-17 03:23:47,-20.5167,57.5167,77.0,73,75,11.5
518,Zhangye,CN,2021-05-17 03:23:48,38.9342,100.4517,67.5,22,97,1.34
519,Gamba,GA,2021-05-17 03:23:48,-2.65,10.0,77.43,90,100,1.92
520,Hanting,CN,2021-05-17 03:23:49,36.7708,119.2108,77.9,24,3,8.23
521,Yumen,CN,2021-05-17 03:23:49,40.2833,97.2,71.64,14,98,17.47
522,Moussoro,TD,2021-05-17 03:23:50,13.6408,16.4901,86.23,5,95,7.11
523,Gornopravdinsk,RU,2021-05-17 03:23:50,60.05,69.9,62.24,77,100,4.18
524,Buin,CL,2021-05-17 03:23:51,-33.7333,-70.75,64.0,62,100,1.14
525,Bilibino,RU,2021-05-17 03:23:51,68.0546,166.4372,35.08,91,100,3.13
526,Nizhneangarsk,RU,2021-05-17 03:23:52,55.7833,109.55,37.53,51,23,5.77
527,Ocampo,MX,2021-05-17 03:23:52,21.65,-101.5,69.31,23,10,7.34
528,Wagar,SD,2021-05-17 03:23:53,16.1525,36.2032,84.18,17,12,3.83
529,Lyuban,BY,2021-05-17 03:23:53,52.7985,28.0048,54.99,96,100,8.34
530,Adrar,MR,2021-05-17 03:23:54,20.5022,-10.0711,83.62,17,64,10.45
531,Perai,MY,2021-05-17 03:23:54,5.3833,100.3833,87.8,79,20,2.3
532,Manavalakurichi,IN,2021-05-17 03:23:55,8.1333,77.3,87.8,70,20,2.3
533,Oktyabrskiy,RU,2021-05-17 03:23:55,54.4815,53.471,70.47,57,34,7.4
534,Lexington,US,2021-05-17 03:22:15,37.9887,-84.4777,60.8,72,90,5.75
535,Stillwater,US,2021-05-17 03:23:56,36.1156,-97.0584,66.2,88,90,5.75
536,Smithers,CA,2021-05-17 03:22:52,54.7804,-127.1743,50.0,57,90,3.44
537,La Rioja,ES,2021-05-17 03:23:56,42.25,-2.5,54.0,94,90,1.52
538,Touros,BR,2021-05-17 03:23:57,-5.1989,-35.4608,73.4,94,20,4.61
539,Harlingen,US,2021-05-17 03:23:57,26.1906,-97.6961,80.01,94,40,11.5
540,Arawa,PG,2021-05-17 03:23:58,-6.2132,155.5367,87.8,62,100,5.77
541,Terrace Bay,CA,2021-05-17 03:23:58,48.7834,-87.1,48.2,87,68,5.75
542,Aswan,EG,2021-05-17 03:23:58,24.0934,32.907,83.91,14,0,9.46
543,Betulia,CO,2021-05-17 03:23:59,6.1128,-75.9838,59.0,100,75,5.75
544,Lagoa,PT,2021-05-17 03:24:00,39.05,-27.9833,63.97,90,100,23.09
545,Atar,MR,2021-05-17 03:24:00,20.5169,-13.0499,84.0,18,100,6.33
546,Woodstock,CA,2021-05-17 03:24:00,43.1334,-80.7497,55.99,66,12,4.85
547,Krasnyy,RU,2021-05-17 03:24:01,54.5678,31.4333,53.06,91,77,6.51
548,Barentu,ER,2021-05-17 03:24:01,15.1139,37.5928,82.04,13,84,2.75
549,Turukhansk,RU,2021-05-17 03:24:02,65.8167,87.9833,28.96,58,7,5.57
550,Riyadh,SA,2021-05-17 03:21:28,24.6877,46.7219,84.2,12,0,5.75
551,Vallam,IN,2021-05-17 03:24:02,10.7167,79.0833,89.6,58,20,3.44
552,Richards Bay,ZA,2021-05-17 03:24:03,-28.783,32.0377,65.14,86,87,8.21
553,Jeremie,HT,2021-05-17 03:24:03,18.65,-74.1167,78.94,80,9,4.07
554,Kuytun,RU,2021-05-17 03:24:04,54.3419,101.5036,47.08,64,100,9.89
555,Quesnel,CA,2021-05-17 03:24:04,52.9999,-122.5029,55.4,82,75,8.05
556,Requena,ES,2021-05-17 03:24:04,39.4883,-1.1004,64.99,80,77,1.99
557,Narovchat,RU,2021-05-17 03:24:05,53.8765,43.6946,63.1,81,56,5.61
558,Burriana,ES,2021-05-17 03:20:39,39.889,-0.085,64.99,82,0,3.44
559,Mallasamudram,IN,2021-05-17 03:24:06,11.4833,78.0333,84.2,61,20,5.75
560,Porto Belo,BR,2021-05-17 03:24:06,-27.1578,-48.5531,70.0,94,40,5.75
561,Espanola,US,2021-05-17 03:24:07,35.9911,-106.0806,66.2,15,1,5.75
562,Egvekinot,RU,2021-05-17 03:24:07,66.3167,-179.1667,28.24,87,45,0.63
563,Lokosovo,RU,2021-05-17 03:24:08,61.1333,74.8167,47.64,80,100,6.91
564,Alexandria,EG,2021-05-17 03:21:39,31.2156,29.9553,68.0,73,40,13.8
565,Rudraprayag,IN,2021-05-17 03:24:09,30.2833,78.9833,84.83,26,6,2.77
566,Hameenlinna,FI,2021-05-17 03:24:09,60.996,24.4643,48.0,93,0,2.3
567,Andenes,NO,2021-05-17 03:24:10,69.3143,16.1194,41.0,93,100,4.61
568,Yeppoon,AU,2021-05-17 03:24:10,-23.1333,150.7333,77.0,33,40,5.75
569,Marsabit,KE,2021-05-17 03:24:10,2.3284,37.9899,62.47,84,78,12.01
570,Edd,ER,2021-05-17 03:24:11,13.9297,41.6925,86.43,53,8,2.44
571,Belyy,RU,2021-05-17 03:24:11,55.8402,32.9419,53.71,91,70,5.44
572,Bira,RU,2021-05-17 03:24:12,49.0,132.4667,73.02,28,0,8.21
573,Buchanan,LR,2021-05-17 03:19:17,5.8808,-10.0467,73.4,94,40,6.51
574,Ngaoundere,CM,2021-05-17 03:24:13,7.3167,13.5833,66.85,90,100,3.78
575,Christchurch,NZ,2021-05-17 03:22:31,-43.5333,172.6333,59.0,72,100,5.75
576,Teguise,ES,2021-05-17 03:24:13,29.0605,-13.564,68.0,77,0,13.8
577,Nordhausen,DE,2021-05-17 03:24:14,51.5167,10.8,43.0,97,51,3.62
578,Oloron-Sainte-Marie,FR,2021-05-17 03:24:14,43.1944,-0.6107,51.8,82,75,9.22
579,Grand Gaube,MU,2021-05-17 03:24:15,-20.0064,57.6608,77.0,70,41,5.99
580,Dangtu,CN,2021-05-17 03:24:15,31.5723,118.4928,69.8,56,40,4.47
581,Salalah,OM,2021-05-17 03:24:16,17.0151,54.0924,82.4,42,0,4.61
582,Dalbandin,PK,2021-05-17 03:24:16,28.8947,64.4101,84.34,12,3,9.48
583,Kumluca,TR,2021-05-17 03:24:17,36.3703,30.2869,64.47,64,1,4.56
584,Santa Catarina De Tepehuanes,MX,2021-05-17 03:24:17,25.35,-105.7333,65.82,33,0,11.18
585,Dalby,AU,2021-05-17 03:24:18,-27.1833,151.2667,64.4,27,0,10.36
586,Shangzhi,CN,2021-05-17 03:24:18,45.2167,127.9667,72.39,29,0,12.62
587,Winnemucca,US,2021-05-17 03:24:01,40.973,-117.7357,57.2,67,1,4.76
588,Santa Rosalia,MX,2021-05-17 03:24:19,27.3167,-112.2833,73.26,35,0,7.27
589,Tomatlan,MX,2021-05-17 03:24:19,19.9333,-105.25,78.37,69,2,2.17
590,Serenje,ZM,2021-05-17 03:24:20,-13.2325,30.2352,53.78,81,0,3.18
591,Chau Doc,VN,2021-05-17 03:24:21,10.7,105.1167,92.23,53,100,5.01
592,Dzhebariki-Khaya,RU,2021-05-17 03:24:21,62.2167,135.8,48.63,71,100,2.42
593,Ust-Ishim,RU,2021-05-17 03:24:22,57.6935,71.1665,67.77,64,56,7.43
594,Ulfborg,DK,2021-05-17 03:24:23,56.2673,8.3217,48.99,77,100,1.7
595,Thinadhoo,MV,2021-05-17 03:24:23,0.5333,72.9333,83.53,74,7,9.75
596,Bandundu,CD,2021-05-17 03:20:11,-3.3167,17.3667,73.31,93,92,1.68
597,Ismailia,EG,2021-05-17 03:24:24,30.6043,32.2723,65.64,76,12,8.79
598,Fairbanks,US,2021-05-17 03:24:25,64.8378,-147.7164,51.8,76,1,5.75
599,Porto Walter,BR,2021-05-17 03:24:25,-8.2686,-72.7439,76.98,80,100,3.15
600,Springbok,ZA,2021-05-17 03:24:26,-29.6643,17.8865,45.21,83,0,3.83
601,Mae Hong Son,TH,2021-05-17 03:24:26,19.3003,97.9685,91.4,58,20,2.62
602,Coro,VE,2021-05-17 03:23:59,11.4045,-69.6734,78.24,85,91,14.83
603,Hanzhong,CN,2021-05-17 03:24:27,33.0728,107.0303,70.07,60,93,2.17
604,Kushima,JP,2021-05-17 03:24:27,31.4583,131.2333,77.0,88,90,18.41
605,Phulabani,IN,2021-05-17 03:21:12,20.4667,84.2333,92.68,39,37,0.98
606,Termiz,UZ,2021-05-17 03:24:28,37.2242,67.2783,77.0,31,0,5.7
607,Aurdal,NO,2021-05-17 03:24:29,60.9242,9.4159,45.0,92,100,3.67
608,Arco,IT,2021-05-17 03:24:29,45.9177,10.8867,55.0,93,98,8.01
609,Kachug,RU,2021-05-17 03:24:30,53.9606,105.8817,52.56,39,87,8.95
610,Doka,SD,2021-05-17 03:24:30,13.5167,35.7667,80.64,51,48,7.2
611,Mogadishu,SO,2021-05-17 03:24:31,2.0371,45.3438,78.89,90,12,11.52
612,Severo-Yeniseyskiy,RU,2021-05-17 03:24:31,60.3725,93.0408,37.94,34,3,6.71
613,North Battleford,CA,2021-05-17 03:24:32,52.7834,-108.2847,66.2,34,1,6.91
614,Maun,BW,2021-05-17 03:23:01,-19.9833,23.4167,48.2,100,0,2.3
615,Saravan,AM,2021-05-17 03:24:33,39.7196,45.6483,66.2,42,40,9.22
616,Blue Springs,US,2021-05-17 03:24:33,39.0169,-94.2816,61.0,31,90,8.05
617,Jaciara,BR,2021-05-17 03:24:34,-15.9653,-54.9683,71.13,59,97,2.42
618,Bukama,CD,2021-05-17 03:24:34,-9.2,25.85,62.87,65,21,3.56
619,Wanning,CN,2021-05-17 03:24:35,18.8003,110.3967,89.89,66,8,15.19
620,Veraval,IN,2021-05-17 03:24:35,20.9,70.3667,85.41,65,100,26.73
621,Houma,US,2021-05-17 03:24:27,29.5958,-90.7195,71.01,88,1,4.61
622,Nouadhibou,MR,2021-05-17 03:24:36,20.931,-17.0347,66.2,88,100,13.8
623,Tipperary,IE,2021-05-17 03:24:36,52.4733,-8.1558,45.0,93,85,4.97
624,Port Macquarie,AU,2021-05-17 03:24:36,-31.4333,152.9167,66.99,42,0,1.01
625,Bull Savanna,JM,2021-05-17 03:24:37,17.8868,-77.5902,75.67,82,90,4.63
626,Marsa Matruh,EG,2021-05-17 03:24:37,31.3525,27.2453,66.2,72,40,13.8
627,Chuy,UY,2021-05-17 03:24:38,-33.6971,-53.4616,50.85,78,76,4.92
628,Opuwo,NA,2021-05-17 03:21:18,-18.0607,13.84,60.21,41,75,3.06
629,Westport,US,2021-05-17 03:24:39,41.1415,-73.3579,59.0,72,1,1.59
630,Abha,SA,2021-05-17 03:24:39,18.2164,42.5053,68.0,20,0,3.76
631,Teruel,ES,2021-05-17 03:24:40,40.6667,-0.6667,60.8,93,0,11.5
632,Lebedinyy,RU,2021-05-17 03:24:40,58.5167,125.5167,34.34,52,96,14.43
633,Kieta,PG,2021-05-17 03:24:41,-6.2167,155.6333,85.77,67,100,6.33
634,Mbale,UG,2021-05-17 03:24:41,1.0821,34.175,63.82,84,84,3.83
635,Kuopio,FI,2021-05-17 03:24:42,62.8924,27.677,51.8,100,0,3.44
636,Ampanihy,MG,2021-05-17 03:24:42,-24.7,44.75,66.29,52,1,4.97
637,Jacmel,HT,2021-05-17 03:24:43,18.2342,-72.5347,77.02,83,44,3.42
638,Fomboni,KM,2021-05-17 03:24:43,-12.28,43.7425,80.19,71,89,1.83
639,Ler,SS,2021-05-17 03:24:43,8.3018,30.1418,75.74,78,82,1.39
640,Petropavlovsk-Kamchatskiy,RU,2021-05-17 03:24:44,53.0452,158.6483,41.0,81,75,13.42
641,Praia,CV,2021-05-17 03:24:45,14.9215,-23.5087,69.8,78,0,10.36
642,Barberton,ZA,2021-05-17 03:24:45,-25.7884,31.0532,64.4,82,0,1.14
643,Lewiston,US,2021-05-17 03:21:25,44.1003,-70.2148,51.8,71,1,4.9
644,Ust-Kan,RU,2021-05-17 03:24:46,50.9276,84.761,63.79,43,98,4.72
645,Maniitsoq,GL,2021-05-17 03:24:47,65.4167,-52.9,35.11,80,7,9.84
646,Beloha,MG,2021-05-17 03:24:47,-25.1667,45.05,66.45,59,0,4.81
647,La Asuncion,VE,2021-05-17 03:24:48,11.0333,-63.8628,80.6,83,28,13.8
648,Kencong,ID,2021-05-17 03:24:48,-8.2833,113.3667,84.0,62,95,4.65
649,Loralai,PK,2021-05-17 03:24:49,30.3705,68.598,74.88,36,0,0.54
